icnfdr,u10,v10,skt,stl1
0,0.05683235,0.95789635,276.28003,280.07422
2.7066188,-3.84134,-1.6081448,271.26147,276.0354
0,-3.0894995,1.3688545,274.17432,276.51562
8.423843,-2.9186115,-0.85068756,275.58667,277.18604
0,-2.0144224,5.1461506,279.07617,280.63086
0,-1.2109299,0.2784599,273.91284,279.02368
11.883926,-2.0515337,-0.5332287,273.79663,277.3745
0,-4.753063,4.390954,276.08667,279.979
0,-4.378174,3.0123348,278.20752,280.3938
0,-3.1793365,2.3160067,278.36426,281.00854
0,-1.9426298,1.4761028,273.16333,278.6648
0,-2.3708658,-0.4743184,277.125,279.72266
2.7066188,-3.221139,0.12732631,279.4746,280.64404
0,-2.5965595,1.9795332,277.3977,280.83643
0,1.7349272,2.4391575,274.9873,279.6587
0,-2.8050594,-0.03396287,274.19263,277.8501
0,-0.5818437,-0.22001183,266.51685,277.5022
0,-1.7162685,-0.88905466,267.4878,275.4397
0,-0.97883177,1.5238533,273.72827,276.83252
0,-3.867135,-1.4274979,268.64185,275.36963
3.3080897,-1.3231449,-0.6520995,268.22974,275.11475
3.608825,-1.2921448,-0.6778361,270.1455,275.79736
3.608825,-1.4552889,-0.88882434,269.8462,275.93896
3.608825,-3.1675653,-1.5599012,271.8506,275.78198
3.608825,-2.5869284,-1.2283602,273.24902,276.51196
13.1248665,-4.033023,-1.8399124,275.1233,278.59912
7.483639,-0.72724843,-0.36165208,272.54614,277.1089
9.364048,-0.8995786,-0.44607693,271.8606,276.25415
0,-1.6669731,-0.53286374,271.95557,276.15234
0,-2.6819544,-1.256566,268.8069,275.93115
12.485397,-4.2460613,-2.1811523,271.26,275.573
10.943722,-2.1691532,-0.98176366,272.0337,275.57422
13.989075,-1.4991436,-0.77486145,272.53442,275.79224
12.824131,-2.5724506,-0.75238174,274.10474,276.6355
12.485397,-1.658309,-0.77131945,273.14917,276.7041
0,1.4378262,3.8791819,278.34204,280.68774
0,-1.0513878,-0.9878644,267.91016,276.50586
3.0073543,-3.2499514,-1.354804,273.0752,276.55493
4.8117666,-1.7707329,-1.042738,273.59277,276.7312
4.2102957,-2.1031942,-1.1388502,274.31885,277.2876
12.824131,-1.787859,-0.86883503,273.76392,277.70825
0,1.926527,-0.22833961,275.1748,279.61743
0,-2.3295088,-1.4535036,270.98706,276.9873
4.511031,-3.9394217,-2.3582392,275.79053,278.97607
5.4132376,0.13879317,0.47422785,275.79834,279.04956
16.021477,-1.3240423,-2.2010174,269.59863,275.45776
15.382009,-2.423605,-0.8938977,270.21533,275.04785
15.005276,-1.2504272,-0.6758266,270.48267,275.28564
16.284214,-2.3371744,-1.1431894,271.7412,275.37646
11.282455,-1.2770681,-0.7653275,271.72168,276.08765
13.4636,-2.4926987,-1.1288567,274.25977,277.7522
11.244457,-1.8789539,-0.9961473,275.5564,278.79175
0,2.3526096,-1.2154408,270.9214,276.04077
0,-0.39155203,2.36026,268.70337,274.86304
0,-3.600852,4.3580723,270.36255,274.6333
0,-1.029149,-0.58099025,272.27832,274.85303
0,0.5865846,0.591825,270.8733,275.61157
0,-2.2977028,3.4057903,273.08813,276.1526
0,0.034282323,2.8060522,271.45288,276.32837
0,2.82979,1.8771353,272.34473,276.37744
0,-3.2415152,-1.0206747,268.87354,276.45898
0,-0.9304265,-0.49245483,269.97974,276.6582
0,-1.8831377,-0.4948355,271.73364,276.8335
0,-0.6355328,2.531989,271.72095,276.86743
0,-0.15810424,1.1290989,270.62793,276.86133
0,-1.8435383,-0.42220193,270.82983,276.87183
0,-1.5709133,-0.4457503,269.5879,276.77466
0,-2.0052805,-0.9504571,269.45435,276.74487
0,-3.4340305,4.0233965,277.9319,277.0559
0,-1.5130091,0.8352988,275.48975,277.29956
0,-1.6312342,0.62310797,275.26123,277.2163
0,-2.0780506,-0.06136468,274.8081,276.98633
0,-2.5065413,-0.051292744,276.385,278.59375
0,0.118205845,-0.6823111,275.77173,278.28906
2.7066188,-2.4927988,-1.076664,271.6775,276.79883
3.9095604,-1.3779459,-0.7577976,272.18506,276.98657
4.511031,-1.558876,-0.8187788,274.55054,278.2444
0,-2.8922348,0.1259262,278.70068,281.48755
0,-1.5247984,1.3274431,276.74854,280.08545
0,-1.9480104,-0.33526462,275.37964,279.1538
0,-2.2770796,2.1979904,273.00537,277.39893
0,-1.1673536,-0.05089998,273.78613,278.30933
0,0.21408898,0.61082023,273.96167,277.91797
5.112502,-0.6496656,-0.8818582,270.44067,276.2578
0,-1.6651745,-0.8805463,270.3943,275.81567
4.8117666,-3.0350647,-1.4600725,270.56274,275.88306
4.4762845,-3.0787382,0.1798594,274.39502,278.66016
0,1.8834543,2.402997,274.813,277.8794
0,-1.1499453,-0.72099036,270.5298,276.80957
0,-1.168067,-0.50096923,270.3291,276.95532
3.9095604,-1.542367,-0.8032423,272.38672,277.20264
5.979962,-1.0452881,-0.5695863,273.71118,278.42114
0,3.0354023,0.27144426,274.27637,279.02856
0,-0.77240807,-0.61022174,267.59082,275.35742
2.7066188,-1.1076565,-0.7679339,269.63428,275.7854
15.043275,-0.6007242,-0.32109404,271.77832,276.49536
6.619431,-1.9918575,-0.20596498,277.57056,280.12646
6.5814323,-1.7526779,-0.7441102,276.83154,279.99902
9.402046,-1.4291077,-0.7970299,275.94434,279.9602
20.421764,-1.5932817,-0.8715096,277.88696,282.04175
6.2806973,-0.64232415,-0.4607814,280.08325,283.2129
11.883926,-1.3294678,-0.771893,277.6765,282.3562
9.6647835,-1.2993412,-0.9917482,274.58936,278.76025
11.845928,-0.6795815,-0.43482763,274.03027,278.03296
15.9834795,-1.0909948,-0.594236,274.69678,278.74512
16.322212,-1.7181215,-0.83698875,276.37964,281.0039
11.282455,-1.1603136,-0.7110382,276.18384,280.5288
0,0.79668224,0.5068812,275.77734,278.8806
4.511031,-0.5254149,-0.8458556,270.76294,275.96167
19.6683,-1.7501316,-1.213665,273.35962,277.08447
12.86213,-2.1878586,-1.5464725,277.35132,279.83252
16.284214,-2.2724276,-1.3370476,279.1975,282.25244
14.742539,-1.5165701,-0.7883407,279.19775,283.40063
23.20438,-2.3895044,-1.3682747,279.88037,282.5559
21.96344,-2.223217,-1.2268982,279.15503,282.47217
26.626465,-3.3039627,-1.567564,279.4021,282.43628
23.505116,-3.0121279,-1.5088377,281.50708,284.3518
31.628225,-2.4727345,-1.3776321,282.92383,286.13647
29.523077,-2.4287949,-1.3320646,285.54736,288.2151
21.96344,-1.7809458,-0.92684054,284.84326,288.13208
13.965519,-0.117084265,-0.19325721,280.66113,284.6482
0,0.18160552,2.4146557,276.46143,281.6604
0,-1.5847235,-0.21562314,275.52344,280.31445
0,0.7558506,-0.63306123,276.16797,279.9829
0,-1.2232714,-0.09776354,276.37866,280.94458
0,-0.05396233,0.21373928,278.1377,281.21558
0,-0.97040784,-0.40586972,275.77905,281.07666
9.364048,-1.7523937,-0.8171297,277.17896,280.4912
7.822373,-1.509676,-0.9640288,277.26953,279.9358
5.6412277,-0.63229907,-0.8076006,277.2373,280.04883
12.661265,-0.6256472,-0.50303835,277.4248,280.06934
17.820614,-1.9965096,-1.0437288,280.62183,282.80298
25.242699,-3.3993702,-1.8163567,283.8579,285.69043
25.461842,-2.4167585,-1.2607689,284.74927,288.1499
35.836815,-3.065278,-1.0850725,286.18848,288.97485
29.106905,-2.9856453,-1.6419945,286.21216,288.6953
38.10131,-2.5276089,-1.4825678,286.41235,289.6892
37.49984,-1.8708801,-0.9827114,285.2871,288.39355
32.521637,-0.9936611,-0.5897269,285.17896,288.1836
23.347847,-0.85451144,-0.5149774,286.12427,288.7998
23.947557,-1.6004181,-0.72373915,287.14185,289.56104
32.568428,-1.481,-0.72332406,287.00488,289.76318
25.436527,-1.85921,-0.84791243,286.6609,290.2876
26.340492,-1.2283192,-0.3122766,284.50293,287.45728
16.941963,-0.6474432,-0.4486642,282.74756,286.05298
13.4636,-0.69346756,-0.53587276,283.0393,285.72485
21.543434,-0.75562423,-0.5436468,283.23608,285.85767
14.918407,-0.8821272,-0.49436426,283.8059,286.66284
13.925761,-0.9692498,-0.4392736,286.02393,287.70044
11.282455,-0.6258987,-0.6570675,284.4558,286.91382
15.682744,-1.2536783,-0.9688412,282.8274,285.95093
25.86037,-0.71150374,-0.34027886,283.3789,286.21094
31.220901,-1.2236404,-0.6396214,282.4131,285.44336
33.701023,-1.613472,-0.8921025,284.63232,287.62085
28.597633,-1.7193289,-0.9511476,286.75708,290.2019
21.521637,-2.6189795,-1.3904829,288.7036,291.8496
1.5036771,0.122958064,-1.5613203,287.32227,290.44507
1.8044125,0.043257635,-0.64740014,284.15186,287.0598
7.4456406,-0.19630098,-0.4618072,283.90967,287.30444
20.345768,-0.8244976,-0.63458115,283.9353,287.23364
8.724579,-0.84100676,-0.6564107,285.22217,287.73633
11.206459,-1.0867167,-0.6537544,284.00244,286.90308
3.0073543,-1.4838753,-0.5518073,284.53955,287.63672
3.0073543,-0.5190134,-0.37790185,284.15137,287.59082
14.10307,-0.8183741,-0.5030865,285.10864,287.94482
13.72282,-1.2456923,-0.60138845,286.43042,289.48877
21.489233,-2.29741,-1.1855211,287.16235,289.65503
27.68658,-1.0947313,-0.5321563,286.8169,289.71313
22.483639,-1.2176495,-0.43822265,287.78516,290.8994
32.2047,0.26966864,1.0374336,285.011,288.63574
31.905724,-0.44860977,-0.6369735,280.00708,284.11646
33.423843,-1.4893036,-1.1465397,281.34326,284.239
28.423843,-1.1581116,-0.703412,283.02026,285.44873
16.885685,-1.1163464,-0.76048934,283.61035,286.2351
20.92576,-1.2018452,-0.6628965,283.78223,286.41772
26.242699,-0.62775594,-0.4970172,284.0642,287.29614
28.242699,-0.720438,-0.4518451,283.8069,286.76172
18.302494,-1.1028309,-0.5711381,284.25415,286.91016
27.219143,-1.1276007,-0.6377217,285.84497,288.29565
37.941963,-2.2424164,-1.3816986,287.4336,289.7456
44.46184,-2.4531279,-1.3915634,289.6499,291.8391
44.641228,-2.3911572,-1.4316416,292.3977,294.43408
44.701023,-2.3342876,-1.63165,293.65796,297.11084
45,-1.5826578,-0.9699389,292.74658,296.49365
44.181145,-1.3904114,-0.89654166,290.75024,294.33716
42.181145,-0.79593164,-0.57115364,290.37988,293.69507
38.224735,-0.9601907,-0.6105214,289.2827,292.45264
32.05979,-0.7839851,-0.51108307,288.09985,291.01367
33.81885,-0.74927014,-0.47441405,287.4995,290.8147
33.179382,-0.46278304,-0.38906902,287.60376,290.61523
43.601467,-0.6612177,-0.5220816,286.74243,290.04517
45.119587,-0.8950552,-0.4811527,287.6338,290.75928
46.021793,-1.0814457,-0.53372604,288.66113,292.0835
45,-0.975509,-0.557861,288.55322,292.07544
45.179382,-1.1775503,-0.73002,289.36108,292.6792
45.418564,-1.0645561,-0.61444014,291.91675,294.47656
48.239178,-1.406085,-0.74027586,293.32446,297.17603
45.35877,-1.124156,-0.5257382,295.91455,299.34692
40.487473,-1.6310463,-0.68655956,295.84766,298.08472
43.420322,-1.5509882,-0.7221297,294.73828,297.02734
45.179382,-1.1910734,-0.6798306,292.62012,295.70117
46.32077,-1.2782192,-0.73393714,292.1194,295.30737
45.179382,-1.0655689,-0.5630535,293.75366,297.03516
49.621506,-1.4318056,-0.763298,293.97754,297.87524
42.501915,-0.77149904,-0.26167536,294.5166,297.53125
45.179382,-1.4718819,-0.7985122,291.02368,294.39258
48.418564,-1.442071,-0.7341273,292.24536,294.80176
52.11783,-1.7402153,-0.735357,292.0625,295.33496
45.418564,-1.4216461,-0.5498356,291.54468,294.2754
46.32077,-1.2021399,-0.7021718,291.4724,294.29224
42.56171,-1.4553137,-0.8659469,291.69946,295.03296
48.239178,-1.3659401,-0.6375648,292.625,295.9038
39.81885,-1.0574255,-0.623037,291.67822,294.57178
36.05979,-0.9540841,-0.62213147,290.62598,293.16968
29.962,-0.25001323,-0.28550214,288.70972,291.49683
36.900444,-0.59775,-0.43580836,287.6753,290.95825
40.6813,-1.3014154,-0.80774224,288.8911,292.09888
45.961998,-1.8463755,-1.1837788,290.70288,294.0974
48.179382,-1.277688,-0.61233664,291.0017,294.6538
44.579674,-1.7690458,-0.8193741,291.4463,294.5381
47.57791,-1.5669498,-0.61370534,290.0022,293.24854
37.583508,-1.2775574,-0.76503605,288.85718,292.00684
29.20294,-0.37327862,-0.39491993,289.24976,292.6267
27.304571,-0.512668,-0.48607343,290.22705,292.9297
20.537838,-1.9163036,-0.96803457,292.65674,294.76978
32.644424,-2.1805248,-1.0396976,294.24268,296.4331
42.143143,-2.9912615,-1.6267166,293.66187,295.53516
46.73902,-2.5107183,-1.3383856,294.70947,297.31372
44.181145,-2.820798,-1.3246756,295.09668,298.1194
38.360527,-1.86094,-1.0242796,292.4463,296.43042
52.298973,-2.0071049,-1.1442232,292.0166,295.20654
0,-2.1046343,-1.2086992,290.63892,295.70312
0,-0.1174649,1.2882452,289.18677,293.60254
5.713973,-1.1698275,-0.5561644,287.12354,290.73096
29.422085,-1.2540646,-0.7012695,287.76147,290.89404
35.842407,-1.3709888,-0.7311942,288.36792,292.59497
27.300734,-0.8525741,-0.6391351,289.51465,293.42578
31.661264,-1.1002293,-0.64703155,288.74927,292.2788
34.48188,-0.910244,-0.5477649,287.92847,291.65845
37.623264,-0.9918788,-0.5220022,288.3015,292.32202
39.884243,-1.034379,-0.55108917,288.8689,292.2964
38.44212,-1.4440298,-0.8292288,288.02295,291.25293
50.583508,-1.4787197,-0.7729085,288.5244,292.0376
17.753464,-1.1552706,1.0031872,289.1377,292.07397
0,-0.4941092,0.83334875,286.77222,290.28247
0,-0.1789537,-0.22276247,285.22363,289.23975
0,-0.9751285,-1.072751,282.58252,286.59448
19.541674,-0.8426698,-0.41639227,285.365,288.22534
20.88041,-1.2265291,-0.6929096,286.3059,289.39355
23.059793,-1.3185015,-0.71893764,286.36646,289.2351
37.978203,-1.8923292,-0.9513667,286.47534,289.479
23.097794,-2.491002,-0.8658389,288.26538,290.97754
29.001759,-1.7298956,-0.8030797,289.36865,291.7832
32.422085,-1.3551197,-0.71930045,287.99512,291.64014
31.181145,-0.9583431,-0.5337536,287.2566,290.16406
31.699265,-0.96760005,-0.52202934,286.8916,289.9702
31.382326,-1.8960056,-1.1086235,288.0498,290.22607
28.08335,-1.5746613,-0.8216585,288.76343,290.40112
27.89661,-1.4747391,-0.71007055,289.2827,292.03247
21.577913,-1.364212,-0.7900692,289.30542,291.8789
21.063313,-0.6254208,-0.56960356,287.48193,290.44458
22.338734,-0.58529454,-0.48022652,286.1648,288.74316
25.956406,-0.70915717,-0.39010465,287.07495,289.18896
13.802335,-1.6378622,-0.382312,286.13647,289.17212
9.913715,-2.1172285,-0.8406905,283.5852,286.80786
27.519878,-1.2546387,-0.6552388,283.16284,285.9402
34.39853,-1.3634224,-0.6491081,283.0996,286.05737
29.255383,-1.6582937,-0.74543816,283.8457,286.95386
28.916649,-1.3142557,-0.7624574,283.57153,286.82056
32.798817,-0.9449192,-0.775872,283.98315,286.62646
29.56347,-1.1795855,-0.7401109,284.21045,286.68945
31.782616,-1.0549126,-0.5679815,283.48096,286.43066
0,0.49091548,0.9923809,284.1338,286.56494
0,-1.4009972,-0.529189,279.42676,284.42163
11.168461,-1.0271387,-0.65793854,280.8943,283.38013
16.84241,-1.6736536,-0.9751645,281.4209,283.9021
23.903965,-3.0954332,-1.4388485,284.18604,286.0647
26.68482,-3.2388725,-1.7039871,286.062,287.93848
26.12135,-2.8753786,-1.4405241,287.1245,289.50806
30.625025,-1.1852217,-0.6691997,286.41724,289.19678
37.706615,-2.0391083,-1.0539598,286.95557,289.95068
19.436527,-2.0636616,-0.93076485,286.56323,289.47168
14.157589,-1.2193766,-0.38229883,283.69507,286.01392
0,0.7436432,0.73865056,283.3938,286.87378
22.56347,-2.771534,-1.3893261,280.86523,283.12402
32.400288,-1.8136282,-0.78526354,281.31152,283.73438
26.96376,-2.2373543,-0.7173953,283.2561,285.5664
26.68482,-1.4979801,-0.79107034,282.23022,284.59717
29.798817,-1.5380898,-0.7782211,283.8628,286.29736
33.88041,-1.5547161,-0.9152486,283.21216,285.60327
36.820614,-2.6668844,-1.3285236,284.95532,286.09204
36.820614,-1.1390238,-0.6276451,285.3872,287.27295
38.385845,-2.1179724,-1.0566082,286.66187,287.55322
30,-1.8347721,-0.9111335,285.62622,288.28003
7.0235558,-1.0421104,-0.40721095,284.1145,286.35962
0,-0.012960371,-1.0293293,281.65698,286.20117
13.059794,-1.4163857,-0.7238423,282.2085,283.8772
16.338734,-1.2425156,-0.5745855,281.51855,284.15015
16.983797,-0.41044682,-0.74055594,278.71387,284.16968
23.404123,-0.88057023,-0.49118686,276.9524,279.2517
26.08335,-0.91543955,-0.50382745,275.8235,278.46045
31.883926,-4.3487463,-1.8147688,279.07593,280.9519
30.300734,-2.4848452,-1.2941046,278.04517,279.5923
25.181145,-2.3347454,-1.1858006,278.71582,279.8606
26.44388,-1.4502468,-0.78146654,277.98975,279.8391
24.061554,-1.0733566,-0.56761444,279.04346,280.4973
26.503675,-1.0794172,-0.63100046,281.11792,283.47876
34.76082,-1.5831175,-0.83332974,281.13037,282.93408
21.316936,-1.9052782,-0.75176406,282.2627,284.7859
0,-1.2148142,1.1496935,284.0603,287.12354
0,0.78876597,-1.2859058,280.32007,284.06055
21.061554,-3.120512,-1.6551647,276.91528,278.3313
17.338734,-3.5823774,-1.6798487,276.66382,277.479
21.701023,-1.7461176,-0.9239918,275.6355,277.02002
15.7446165,-1.5114212,-0.8181526,275.7119,277.2041
32.96376,-1.3304138,-0.66706413,276.61694,278.09424
30.701023,-2.6652994,-0.5161142,280.08472,280.75952
30.96376,-2.1151972,-0.6847804,278.3213,280.1194
22.96376,-2.645564,-1.1530924,278.85596,279.43726
0,-2.0998077,1.905365,281.6548,282.9541
10.880409,-2.0999556,-1.0891714,279.7583,280.99902
0,-3.0206194,1.646306,280.55298,282.36865
0,2.7488708,1.5741959,279.78076,282.94165
13.1248665,-4.2185497,-1.497406,277.26172,279.03687
13.4636,-2.7374525,-1.319294,277.7754,279.3694
9.025314,-0.9946951,-0.5423976,277.21704,278.396
11.282455,-1.3784552,-0.7381205,278.83936,280.39917
10.103389,-2.7912865,-1.121933,276.1526,278.91577
12.721061,-2.6789818,-1.3041878,274.11694,276.67847
14.36053,-2.433299,-1.2819405,273.72485,275.3667
15.3007345,-2.24856,-1.1298475,273.29126,274.91016
20.12135,-1.5179396,-0.81573164,273.62158,274.75684
9.579674,-1.3020325,-0.60923904,274.09546,275.16357
6.5814323,-0.8092971,-0.4372366,273.5437,275.3335
0,-0.773358,0.4147482,275.00122,277.80127
5.6412277,-1.2436438,-0.5931059,275.2417,277.08643
5.6412277,-0.7329586,-0.38822877,277.26025,279.05176
12.184662,-0.84105164,-0.5574375,277.05127,277.5703
9.6647835,-1.3205967,-0.7449133,275.3369,276.7539
18.880089,-1.907485,-0.91547984,277.16846,278.03003
0,0.47498286,1.29673,279.15283,280.4668
10.304253,-0.91707236,-1.0915012,274.2893,277.50635
11.282455,-2.0633993,-0.93188214,273.02222,274.19604
6.5814323,-0.92102426,-0.49729568,274.177,275.56372
14.742539,-1.1918774,-0.613056,274.80835,275.09985
12.22266,-1.0699549,-0.5443762,273.88745,274.74683
14.403806,-3.9528437,-1.8208055,275.9065,277.43555
12.22266,-2.3576603,-1.1095333,275.0752,275.67188
14.403806,-1.298316,-0.69080913,274.81934,276.10962
17.882168,-1.7487669,-0.9274395,275.64746,276.7771
12.822372,-2.1132965,-1.185319,276.12793,276.53296
0,-2.805994,-0.91332746,281.79492,280.70874
0,-1.787116,3.3910913,281.3037,282.0105
0,-2.6032238,1.5496473,279.50146,281.91992
0,-2.2742767,-1.3127298,277.97046,280.36475
12.202941,-2.41463,-1.5956993,277.70337,278.9043
6.3823276,-0.66173315,-0.4394169,274.86377,276.8667
7.1195903,-0.8719522,-0.4780181,273.62646,275.50098
6.8804092,-1.0642185,-0.6163906,274.20947,277.26367
9.458324,-1.4103022,-0.7549701,277.16064,278.7085
14.818854,-3.2423391,-0.81682545,279.02075,279.9917
6.3946924,-1.9000969,-0.7891373,278.04102,279.57422
10.11959,-1.6901875,-0.82590866,277.4629,278.67773
0,-1.397584,1.4681559,279.07544,280.82495
3.4600832,-1.8778658,-0.8595319,274.16553,278.48145
12.22266,-1.2723036,-0.79165906,273.74756,276.92676
7.220902,-0.9536566,-0.482552,272.5996,275.3728
0,1.2187233,2.443306,275.82568,277.635
3.0073543,-2.0185308,-1.3330526,267.12207,274.57202
9.025314,-0.7016036,-0.44646156,271.2998,274.79883
6.9201665,-2.646206,-1.0817804,271.78613,274.88428
0,-0.8264944,-1.4697046,268.93604,275.34766
0,-3.4764395,-1.9142647,267.04614,272.99194
0,-0.95510507,-0.47913557,268.90186,273.27295
0,0.28181005,0.48187155,273.57666,275.55127
0,4.202857,-1.6314316,273.38672,275.9021
0,-1.1099968,-0.56726086,264.73364,274.60986
0,-0.75005347,-0.42665082,270.3623,275.30957
0,-2.324685,0.615006,276.26025,277.10132
1.2029417,-0.77072656,-0.3953213,274.44946,277.66968
6.9201665,-1.5965652,-0.8595457,272.7085,276.34668
0,-2.2302341,1.1191626,278.6167,279.0227
2.4818802,-0.9744705,-0.5231221,273.47852,276.32153
10.003517,-1.8467951,-0.92097276,276.7881,278.41162
0,-3.0879288,2.005581,278.93115,280.4082
0,-0.9871579,1.0385485,278.11548,280.40088
0,-2.8483734,2.3854132,278.5056,280.7444
0,-0.70483834,-0.41311157,274.65283,278.87183
0,-1.414918,-0.6670172,276.8391,278.03418
0,-0.47375482,1.3008947,278.55054,279.85352
10.003517,-2.0159788,-1.0036135,273.85498,276.25854
5.302494,-1.886363,-1.0317831,278.22217,278.75464
11.5071945,-1.3389072,-0.8154648,277.09082,279.55518
14.365807,-2.6867638,-1.4196205,279.60986,281.00146
13.086868,-1.3488836,-0.7960964,278.69922,280.05737
15.568748,-3.4853764,-0.023387957,280.97363,282.7854
0,-2.300333,4.1394587,278.3828,282.0559
0,-0.59624213,0.4101137,275.38696,278.9319
0,-1.2455034,0.57108647,273.62842,278.14404
0,-1.6718006,0.23247403,274.64868,278.0747
0,-2.4928198,6.0282087,277.97876,279.9253
0,-1.7047787,0.6821037,275.08984,279.68604
0,-0.40864128,-0.24224573,271.88037,277.8435
0,0.7814833,1.2125387,273.10278,277.14795
0,-0.7460928,-0.41948557,264.5183,275.34937
0,-2.0730247,-1.4386835,267.75317,275.19165
0,-0.6130533,-0.3183102,269.83496,275.33496
0,-0.5771207,-0.29923195,271.2378,275.5276
0,-1.0475645,-0.53220665,271.78516,275.67896
5.6412277,-1.1064835,-0.54889333,272.34717,276.79492
0,-1.095499,3.0574112,277.4917,279.40723
8.161106,-1.5333824,-0.83729625,273.53223,277.1726
2.1811447,-2.1262388,-0.86591774,276.43335,278.813
0,-2.6987476,2.2090006,277.12256,279.43872
0,-3.2893982,4.261339,279.39844,280.989
0,-2.6136732,1.8397284,277.14087,280.70508
0,-2.0271816,-0.2263596,275.3274,279.73706
0,-1.0299826,-0.582627,272.82617,276.33203
9.440044,-1.4518108,-0.8261866,273.12915,276.1587
16.021477,-2.504078,-1.3661127,275.56348,278.4038
15.644746,-1.9517899,-1.0412769,275.25024,278.19556
6.619431,-1.8422489,-0.7872301,276.4043,279.21582
0,-0.6333734,0.22331852,277.33496,280.45874
13.162865,-1.2245321,-0.6057931,273.93945,276.93457
7.0341616,-2.3709812,-0.43399435,276.35034,279.05615
0,0.27274656,4.470359,278.1599,279.89478
0,2.8009815,7.671938,276.9004,279.27466
0,1.3756056,3.9893894,273.56372,277.72192
0,-0.017131034,1.5646925,273.70654,277.76465
2.4058833,-1.5819817,-0.81060886,271.86865,277.27417
2.4058833,-1.5559711,-0.8712063,271.97388,276.5713
2.7066188,-0.90083224,-0.6757929,271.46338,276.68896
3.608825,-3.4229794,-1.5988007,273.75098,276.5088
9.440044,-1.4799728,-0.71633875,273.90186,277.59326
7.220902,-1.2795076,-0.60503805,274.85278,278.32568
1.8044125,-0.881943,0.42365038,276.3003,279.5769
0,-1.2850485,-0.44067067,277.83813,279.687
0,-1.208231,-0.8756524,273.531,278.67554
17.449158,-2.2295332,-1.5512285,274.33594,277.82935
11.921925,-4.8207445,-2.8797894,278.95923,280.77393
12.184662,-2.899537,-1.2318745,275.9109,278.6277
10.003517,-1.460105,-0.8723784,275.7522,278.9602
10.98172,-2.5945673,-1.1404266,277.04688,279.2744
12.22266,-2.5595217,-1.0350809,278.36572,280.55957
19.405563,-1.2153263,-0.669079,276.8462,280.0122
15.9834795,-1.5671377,-0.9187472,276.81567,280.4077
19.443562,-1.3263102,-0.6412904,277.2273,280.0818
0,0.4466443,3.993783,279.5796,281.90308
0,-1.1137533,0.41942906,273.36426,278.68018
0,-1.7705898,-0.92046046,271.9265,276.1189
9.101311,-0.23444533,-0.065496385,276.60303,278.22363
10.0795145,-1.3552933,-0.67114085,274.42358,277.38892
0,-0.55853415,2.2661533,277.28613,280.5481
4.4762845,-1.0803843,-0.31210154,274.73706,278.12305
0,-2.8965397,1.5966043,275.5254,277.95752
0,-1.2011681,-0.7306176,271.6289,277.3308
4.2102957,-2.9253645,-1.2552185,273.81836,277.4707
11.282455,-3.1462698,-1.5946999,276.64185,279.39795
13.802335,-1.137269,-0.60635114,276.78735,280.4319
0,1.7966595,0.41982198,279.19873,282.85352
0,-2.4472723,2.7764158,271.5586,277.49707
0,-2.0033798,-1.0021791,265.8943,276.69507
0,-0.56347835,-0.3978126,269.5498,275.74023
0,-2.9078197,-1.978919,271.938,275.52563
11.583191,-3.8100443,-1.8148165,275.88013,278.17822
9.702782,-1.0366898,-0.56322306,276.15796,280.0774
15.606747,-1.3118095,-0.6988103,278.3584,281.53296
18.05388,-2.1157389,-0.95025194,280.11987,283.32104
0,-0.70025796,1.5902557,280.3794,282.30005
0,-1.6438847,0.26107466,272.06006,277.99146
0,-0.6490656,-0.70455354,274.47852,277.886
10.003517,-1.3521786,-0.7484316,275.88257,278.71973
11.244457,-1.612524,-0.9340454,279.18848,281.9546
20.579674,-1.733818,-0.8531638,279.79395,282.74976
15,-1.8801041,-0.95369714,280.3396,283.12573
16.246216,-2.114441,-1.1228952,280.97437,283.6084
18.501917,-1.4627314,-0.8309296,280.4026,283.1875
18.72106,-1.8820591,-0.98717755,281.79077,284.73682
8.458324,-2.1601496,-0.027167462,283.69067,285.85767
5.3605304,-0.59098274,-0.6406503,281.11743,283.66992
7.3605304,-0.014322884,-0.57292527,280.11646,281.88086
0,1.5496511,0.20917338,280.04858,283.0017
0,-0.6957689,-0.8692807,276.01123,279.5254
12.443881,-0.9895732,-0.7571534,277.65967,280.26758
17.103388,-0.8677769,-0.6207113,278.0835,280.85522
21.501917,-1.4689894,-1.2647886,277.3623,280.19604
23.465677,-1.8528547,-1.6580906,278.1228,280.34888
20.902205,-1.7975645,-1.2308168,278.9629,280.37378
14.902205,-1.7586145,-1.2733669,280.49365,282.70752
0,-1.3266554,-0.5176542,280.3589,282.30713
0,-0.5378139,0.50366837,270.47095,278.62744
3.9095604,-0.8183001,-0.70164084,270.24365,277.11426
15.005276,-1.5160942,-0.93853813,275.62427,278.22046
17.449158,-3.4579744,-1.9188251,278.698,280.68652
22.188179,-4.7182837,-1.8691406,281.34717,283.5298
20.20294,-3.4167614,-2.0612583,281.31763,283.41528
27.123108,-1.6041698,-1.0072613,281.56763,284.3518
22.60323,-1.6749458,-1.0518637,282.6499,285.44653
23.72282,-1.3852654,-0.835474,283.63037,286.18677
20.940205,-2.0058136,-1.0667582,284.80566,285.9375
21.586708,-2.0549536,-1.3582544,285.50488,286.79053
23.119589,-2.0153713,-1.1509047,285.50464,286.97803
21.72106,-1.2335482,-0.7103612,284.8777,287.0603
17.902205,-1.005127,-0.50575465,285.11035,287.2605
18.780855,-1.4811134,-0.58704865,284.7173,286.43848
23.001759,-1.4326925,-0.5866376,282.67383,285.15112
32.061554,-2.3418083,-1.544446,281.8806,284.06836
34.061554,-0.842921,-0.5082467,282.29077,284.38794
26.24094,-1.5730305,-0.79936177,282.094,284.62646
18.60323,-0.71136576,-0.26796925,282.90918,284.50464
17.420324,-0.9054211,-0.09564853,280.71167,283.3772
24.141386,-0.9024356,-0.6203717,280.77832,282.8994
27.179384,-0.8839947,-0.53491616,283.0171,284.8794
32.202938,-1.0989752,-0.6088068,284.46655,286.91113
31.962,-1.0058231,-0.57446355,283.86377,286.03442
23.35877,-1.1854734,-0.76431936,285.07202,286.6587
35.382324,-0.8082615,-0.3903737,285.66064,288.12866
35,-1.5543842,-0.79318804,285.62573,288.3501
21.360529,-0.6378492,-0.4166655,285.46387,287.75757
14.157589,-1.2938423,-0.9287629,286.61353,289.02856
40.36788,-1.3002691,-1.3019981,286.00952,287.95337
36.119587,-1.5634518,-0.9215384,289.29785,290.8662
41.24094,-1.1215687,-0.58047116,291.19873,293.3015
41.298973,-1.4548464,-0.75707984,290.34595,292.99902
20.936686,-0.9839311,-0.5809311,289.02856,291.08838
24.802652,-0.77021086,-0.2716757,288.6123,290.01733
30.23918,-0.88136655,-0.51263565,287.44458,289.33154
33.179382,-1.49053,-0.73923796,289.9685,291.53003
41.998238,-1.3617239,-0.73087275,290.69336,293.7566
30.579674,-1.0918789,-0.54331803,291.03955,293.1018
37.762894,-1.0354023,-0.55071145,289.09985,290.64917
43.878647,-0.7813463,-0.3360812,286.98584,289.5171
43.585266,-0.9439916,-0.9672182,286.54785,288.56177
35.465675,-0.6364515,-0.5670716,285.3506,288.19702
36.32253,-2.6733522,-1.3973637,285.0808,286.72534
37.021793,-0.5883454,-0.47516167,284.49316,286.60376
34.91665,-0.7837185,-0.50357455,286.0083,287.85083
35.95848,-0.90390223,-0.6279134,287.30103,289.09546
45.179382,-1.1742172,-0.48953235,289.2605,291.1731
49.621506,-1.684454,-0.7865097,290.91064,293.33032
47.181145,-1.6307621,-0.5810541,292.01538,293.99463
36.49099,-1.467618,-0.7600171,292.86597,294.99902
43.181145,-0.9864415,-0.5919703,292.3357,294.39087
40.661263,-0.9614273,-0.50972736,290.5774,292.04004
45.119587,-1.3752003,-0.7074456,288.5952,290.8672
43.661263,-1.0129681,-0.52741534,289.2815,291.58936
42.360527,-1.4260626,-0.70221364,289.9768,292.09082
42.54167,-1.81073,-1.1928988,290.47925,292.85522
45.179382,-2.227973,-1.3909073,291.50635,294.26172
45.418564,-2.1979322,-1.3257618,293.094,295.3152
46.08159,-1.2300224,-0.6910682,293.33203,295.41748
46.32077,-1.7915335,-1.27596,294.1692,296.11743
48.239178,-2.4853191,-1.3232441,295.34912,297.24292
46.32077,-1.7554188,-0.92984664,294.8418,297.7163
48.239178,-1.5343552,-0.8373116,294.20142,297.06665
45.418564,-1.5733557,-0.85968614,293.48486,296.30103
45.418564,-1.4878702,-0.8282962,293.16724,295.28125
46.32077,-1.4962006,-0.79589045,293.69556,296.8667
48,-1.9216366,-1.0363693,294.88867,298.0957
33.23033,-1.594141,-0.8370149,296.59253,298.70703
1.1959062,-1.4867678,-0.782272,295.3452,297.30225
43.239178,-2.247034,-0.7568596,293.62524,295.31543
41.659504,-1.2663202,-0.596306,292.7705,295.2129
37.659504,-1.1744146,-0.7010201,291.22998,293.65942
45.041832,-1.1867771,-0.6967651,290.97607,293.30762
45,-1.0425196,-0.54003656,293.26245,295.31445
40.940205,-1.1660376,-0.5903882,294,296.07153
37.52547,-0.73646325,-0.48739308,294.72144,296.46558
44.820614,-0.97609043,-0.53216636,295.00586,296.80225
45.179382,-1.1338158,-0.5926844,295.53735,297.4331
47.641228,-2.0120687,-1.2225399,296.7168,298.32788
46.27894,-1.1594687,-0.6444992,295.73193,297.70532
48.418564,-1.2328968,-0.8120943,293.4297,296.05518
42.938442,-0.3748902,0.2941361,291.01807,293.91187
38.119587,-1.0258198,-0.49283355,288.67847,290.66553
39.480118,-0.8021062,-0.42638218,288.80933,290.7876
41.900444,-1.0156946,-0.5091503,288.5459,290.8462
36.020035,-0.96416986,-0.39532638,289.94556,291.67725
45.119587,-1.1028337,-0.55800074,291.82397,293.26318
36.661263,-1.3362885,-0.78944755,293.438,295.72803
42.52547,-0.9252055,-0.27173287,292.76587,295.83203
42.420322,-1.5182533,-0.829747,293.30884,295.56104
45.35877,-1.4724035,-0.7942896,292.8213,295.2583
48.239178,-1.6767721,-0.8008909,293.2295,295.45947
48.239178,-1.3734932,-0.71126103,293.69727,295.91675
48.179382,-1.1516447,-0.7711593,294.01367,296.1831
46.32077,-1.0201111,-0.6169887,292.97705,295.17114
45.179382,-1.2503166,-0.62627864,292.44604,294.28467
46.32077,-1.4103184,-0.61137587,292.1057,294.64575
47.179382,-0.9711969,-0.23983657,291.96484,293.8672
41.30073,-1.0229387,-0.36514515,289.45044,292.24072
42.119587,-0.95722806,-0.53762126,289.02393,291.67065
42.81885,-0.87370384,-0.6727437,288.45386,290.88696
43.878647,-1.038043,-0.59553564,288.43555,290.77905
34.856853,-1.2479897,-0.6823593,288.9917,291.16016
31.297216,-0.70682,-0.5916374,287.78223,290.03394
39.058033,-1.0224781,-0.5430437,287.80273,289.93408
45.298973,-1.2103548,-0.646193,288.20044,290.6172
42.938442,-0.99382824,-0.55880404,288.09546,290.1765
36.05979,-1.3117542,-0.57474095,287.89282,290.04346
18.661264,0.73404837,-0.08419633,285.34473,288.66138
16.574078,-0.5088975,-0.14767468,284.58667,287.07812
28.506876,-0.6696505,-0.61517686,282.78003,284.91455
35.759056,-1.5701914,-0.80750895,285.5,287.39893
45.119587,-0.8759494,-0.50580037,288.27075,289.87793
45.179382,-1.1221342,-0.63635314,289.14502,291.81372
45.05979,-1.0393562,-0.60194546,289.9319,291.72046
44.940205,-1.3247843,-0.7053342,290.1731,291.4939
45.418564,-1.5652761,-0.80376506,290.17896,292.58765
47.695744,-1.5700064,-0.71129364,291.1704,293.24146
40.88041,-1.5099401,-0.54433453,291.61646,293.271
46.08159,-1.9562483,-0.84389514,290.4414,292.614
44.360527,-1.7659407,-0.93720335,290.92065,293.0923
45.179382,-1.1875305,-0.60704595,291.63452,293.75732
45,-1.6895342,-0.982907,292.80933,294.5791
45.59795,-1.6382542,-0.8700416,291.81665,294.66382
46.08159,-1.5547485,-0.9548058,291.1211,294.32788
52,-2.1282167,-1.0849609,291.66968,293.57397
50.554356,-2.273425,-0.92640096,291.93652,294.04248
38.35877,-1.279417,-0.52726835,288.44873,290.1787
27.139627,-0.29619503,-0.6470234,285.2329,287.92847
34.780853,-1.4292736,-0.646968,286.19922,287.9148
37.05979,-0.9860562,-0.4864695,287.21118,288.5039
33.097794,-1.4249659,-0.5633751,287.16748,289.615
15.182903,-0.16705018,0.62227845,283.17993,286.47534
18.701023,-0.52665913,-0.7267672,280.92456,283.14038
11.818854,-0.43627352,-0.20856065,284.63867,286.05347
21.262735,-2.3497515,-1.3773661,285.6184,286.32373
8.721327,-2.6380367,-1.4431877,284.34497,286.78247
28.103388,-1.3960876,-0.7461154,285.94214,287.6433
33.123108,-1.583252,-0.7736785,287.31665,288.82275
42.822372,-2.2220411,-1.1219978,288.69458,290.28687
42.023556,-2.4764633,-1.2786341,289.65308,290.67285
43,-2.408081,-1.248045,290.4131,291.82446
41.239178,-2.060523,-0.9999044,288.0525,289.49463
41.239178,-1.0378532,-0.5856759,286.8186,288.45288
41.418564,-1.126461,-0.624503,287.86157,289.36597
43,-1.1272821,-0.658985,288.08936,289.35303
43.97644,-1.5677423,-0.75200784,287.7693,288.7937
45,-2.7815619,-1.6192198,290.1006,290.47046
49.44212,-2.7704477,-1.7865686,292.47388,293.36792
45.179382,-2.1862373,-1.2290564,290.2356,292.00317
42.621506,-2.3504257,-1.2069225,290.80225,293.62427
41.239178,-2.8468037,-1.6166372,291.854,292.76782
45.179382,-2.6838293,-1.3519297,292.292,293.47168
41,-2.5305367,-1.2555733,292.19043,292.1599
45.179382,-2.7487116,-1.4790697,291.2671,292.636
41.05979,-1.625248,-0.8864989,288.6599,290.8623
34.119587,-1.5969944,-0.79126513,288.10107,289.4038
39.360527,-0.93701863,-0.50374025,285.9812,287.79834
32.036236,-1.4187403,-0.6130439,285.70874,287.51392
31.157589,-1.1179857,-0.69312537,284.41943,286.2693
26.418566,-0.8549826,-0.54143256,284.26978,285.8015
32.239178,-0.9139889,-0.45256084,284.96777,286.2422
8.235344,-1.185749,-0.58861583,284.3794,286.53638
0,-1.89744,-0.84946966,281.03638,285.2649
38.54839,-2.734067,-1.7231464,280.0542,282.02197
40.304253,-2.909915,-1.0179548,281.5027,282.96167
39.941963,-1.8877926,-0.894599,281.5254,282.31177
38.2047,-1.3770132,-0.70977044,282.33887,283.87085
36.318695,-1.2421207,-0.64388084,281.7273,283.68823
38.51988,-1.4701357,-0.7793254,281.9458,283.50854
37.88041,-1.5087738,-0.75530034,282.66772,285.03345
34.579674,-1.552043,-0.7221997,282.2732,283.06567
34.518116,-1.5102825,-0.8303313,282.08936,283.65942
21.992645,-0.7884956,-0.43559575,283.36133,284.95068
0,0.96972775,1.0213289,282.6482,286.9563
6.3699627,0.6085029,-0.9457263,276.85938,280.4485
14.639469,-0.86613613,-0.42430383,275.81738,277.21753
8.219143,-1.5886583,-0.007390011,277.21362,278.95947
12.759059,-1.2872391,-0.8407785,276.22778,277.87842
0,-2.2038317,-0.036756128,278.26343,280.9768
21.285973,-0.10816181,-1.502181,277.4829,279.3479
20.383766,-3.2538443,-1.3169594,277.68652,279.46655
13.764336,-0.9109483,-0.546579,278.01685,279.75977
22.526913,-3.9899426,-1.5172815,280.2273,282.02783
21.32397,-2.0723896,-1.0998411,277.4453,279.38013
20.061554,-0.9081524,-0.46820265,277.25513,277.51904
17.400288,-0.70129114,-0.39089638,276.96826,277.75586
26.579674,-1.1021729,-0.6013983,277.54883,278.15747
18.492485,-2.1773863,-0.8696499,278.1516,279.51733
0,-1.4306078,-0.879852,270.81274,277.99194
20.121029,-1.1453695,-0.605299,274.21313,275.93652
10.041515,-0.94464284,-0.44926196,277.93774,279.19043
0,-0.17644596,-0.06444156,274.81763,279.20093
0,-2.7969866,-1.4370718,269.67505,275.46558
10.642986,-1.9880924,-0.8923354,271.79614,273.55518
0,-1.1270714,-0.029599171,277.03564,279.16626
12.22266,-1.7542524,-1.0896559,271.3943,274.26587
19.443562,-2.9499273,1.324172,277.239,278.51538
25.948997,-3.0095263,1.1019697,280.61597,280.70215
23.20438,-2.9676342,0.25594068,280.33667,282.47998
0,-3.101674,3.173586,278.83984,283.76147
0,-0.9056864,-0.008496426,275.5774,280.115
0,-2.5646753,-0.9008704,274.25122,276.6897
0,-0.9928453,2.3432493,279.6482,281.01392
4.2102957,-2.568859,-1.31071,273.5791,278.92383
11.883926,-2.517912,-1.2970343,272.91895,274.88013
14.70454,-1.6470556,-0.9470214,272.00415,274.46582
15.119271,-1.6130285,-0.93561006,271.69116,274.35742
,-1.8054152,-0.95423675,274.01245,274.76245
,-1.9538174,-1.0298939,275.75244,276.1455
,-2.1120777,-0.9841743,276.45557,276.99683
,-1.7010746,-0.9083503,275.7754,276.7793
,-1.3180704,-0.71834797,275.43604,277.12524
,-2.4301891,-1.277133,276.05786,277.00342
,-1.8063679,-1.0018196,275.74536,277.48096
,-0.8956561,-0.4800809,277.1897,278.28687
,-1.086442,-0.69100595,274.17432,276.2334
,-3.4903545,-1.7873392,273.6477,276.18164
,-2.0729618,-1.0690222,273.6443,274.65845
